<?xml version="1.0" encoding="UTF-8"?>
<project-private xmlns="http://www.netbeans.org/ns/project-private/1">
    <editor-bookmarks xmlns="http://www.netbeans.org/ns/editor-bookmarks/2" lastBookmarkId="0"/>
    <open-files xmlns="http://www.netbeans.org/ns/projectui-open-files/2">
        <group>
            <file>file:/C:/Users/Alfan%20Nur%20Rabbani/Documents/NetBeansProjects/NoSQL-Database-P06-MongoDB--master/src/produk/Koneksi.java</file>
            <file>file:/C:/Users/Alfan%20Nur%20Rabbani/Documents/NetBeansProjects/NoSQL-Database-P06-MongoDB--master/src/produk/TestDB.java</file>
        </group>
    </open-files>
</project-private>
